{"scale_x": 8.693651878011373e-05, "scale_y": 8.693651878011373e-05, "labels": [], "lines": []}