{"scale_y": 985.2863899106674, "lines": [], "scale_x": 985.2863899106674, "labels": []}