{"scale_x": 0.0027554990576193223, "scale_y": 0.0027554990576193223, "labels": [{"text": "WAL", "x": 530.78394, "y": 368.88196}, {"text": "BRU", "x": 656.37927, "y": 166.86079}, {"text": "VLG", "x": 236.7222, "y": 163.55354}], "lines": [{"x1": 347.49493, "x2": 652.70212, "y1": 203.63277, "y2": 163.18362}]}