{"scale_x": 0.0011444596479550566, "scale_y": 0.0011444596479550566, "labels": [{"text": "SCT", "x": 301.99185, "y": 538.52008}, {"text": "WAL", "x": 312.92368, "y": 1087.8446}, {"text": "ENG", "x": 512.42963, "y": 1070.0803}, {"text": "NIR", "x": 99.752975, "y": 784.48627}], "lines": []}