{"scale_x": 0.0011542616880538532, "scale_y": 0.0011542616880538532, "labels": [], "lines": []}