{"scale_x": 0.00023471610117403114, "scale_y": 0.00023471610117403114, "labels": [], "lines": []}