{"scale_x": 0.00016980873197253898, "scale_y": 0.00016980873197253898, "labels": [], "lines": []}